<?xml version="1.0" encoding="utf-8"?>
<walkdata>
<informationtab>
    <walkname>South Bank</walkname>
    <startingpoint>London Eye</startingpoint>
    <length>2.4 miles (4.1 km)</length>
    <duration>2 hours</duration>
    <closeststation>Waterloo</closeststation>
    <imagename>LDN_01_South_Bank_walk_detail_info</imagename>
    <audioname>LDN_01_South_Bank_walk_detail_</audioname>
    <walkdescription>&lt;b&gt;Welcome to this DK Eyewitness Travel Guide walk of the South Bank.&lt;/b&gt; On this walk you’ll visit one of London’s great playgrounds, vibrant, festive and packed with colour and culture. You’ll take in a giant ferris wheel, the city’s most popular tourist attraction; an amazing food market; a faithful recreation of the Tudor playhouse where Britain’s greatest dramatist premiered his works; Britain’s flagship theatre complex and its greatest temple of modern art.&lt;br /&gt; &lt;br /&gt;
        
        The walk begins at the massive London Eye, and goes on to the halls and theatres of the Southbank Centre, the great industrial bulk of the Tate Modern, Shakespeare’s Globe and Borough Market before ending at the Shard, the sleek sliver of glass that dominates the city skyline.&lt;br /&gt; &lt;br /&gt;
        
        For more information on the areas covered in the walk, please &lt;i&gt;see pp176–95&lt;/i&gt; and &lt;i&gt;pp278–9&lt;/i&gt; in your guidebook.</walkdescription>
</informationtab>
<pois>
    <sight>
        <name>South Bank at a Glance</name>
        <latlng>51.5030254, -0.1194753</latlng>
        <poidescription>&lt;b&gt;Welcome to this DK Eyewitness Travel Guide walk of the South Bank.&lt;/b&gt; On this walk you’ll visit one of London’s great playgrounds, vibrant, festive and packed with colour and culture. You’ll take in a giant ferris wheel, the city’s most popular tourist attraction; an amazing food market; a faithful recreation of the Tudor playhouse where Britain’s greatest dramatist premiered his works; Britain’s flagship theatre complex and its greatest temple of modern art.&lt;br /&gt; &lt;br /&gt;
            
            The walk begins at the massive London Eye, and goes on to the halls and theatres of the Southbank Centre, the great industrial bulk of the Tate Modern, Shakespeare’s Globe and Borough Market before ending at the Shard, the sleek sliver of glass that dominates the city skyline.&lt;br /&gt; &lt;br /&gt;
            
            For more information on the areas covered in the walk, please &lt;i&gt;see pp176–95&lt;/i&gt; and &lt;i&gt;pp278–9&lt;/i&gt; in your guidebook.</poidescription>
        <imagename>LDN_01_South_Bank_walk_detail_info</imagename>
        <audioname>LDN_01_South_Bank_walk_detail_</audioname>
        <id>0</id>
    </sight>
    <sight>
        <name>London Eye</name>
        <latlng>51.5030254, -0.1194753</latlng>
        <poidescription>Conceived by architects Marks Barfield as their submission for a London landmark to celebrate the millennium, the London Eye was initially only expected to be in place for five years – it proved such a hit that it has been allowed to stay for good. With nearly 4 million riders every year, it is the city’s top visitor attraction.
            &lt;p&gt;&lt;/p&gt;
            The world’s tallest cantilevered observation wheel, the London Eye rises 443 ft (135 m) above the Thames, offering unparalleled views of the city on a clear day. It has 80 spokes made from 6 km (3.7 miles) of cable, plus two huge anchoring cables that bed it down beside the Thames. The wheel is constantly rotating at roughly 26 cm (10 in) per second, and a “flight” in one of its 32 pods takes approximately 30 minutes.</poidescription>
        <imagename>LDN_01_south_bank_popup_sights_POI_01</imagename>
        <audioname>LDN_SouthBank_POI_01</audioname>
        <id>1</id>
    </sight>
    <sight>
        <name>Hungerford Bridge</name>
        <latlng>51.5052076, -0.1184692</latlng>
        <poidescription>The first footbridge opened here in 1845, designed by the legendary Isambard Kingdom Brunel and named after Hungerford Market, which once stood on the site of Charing Cross station. When that bridge was replaced by Sir John Hawkshaw’s version in 1864 – which you see today – the old chains were sent to Bristol to be reused on Brunel’s famous Clifton Suspension Bridge.
            &lt;p&gt;&lt;/p&gt;
            In 1996 the architects Lifschutz Davidson Sandilands won a competition to design two new pedestrian walkways to replace an old dangerous footbridge that ran along the side of the railway line. The construction was a challenging process, as the builders had to avoid interfering with the two underground lines that pass directly beneath the bridge. The Golden Jubilee walkways were opened in 2002 to mark the Queen’s Golden Jubilee.</poidescription>
        <imagename>LDN_01_south_bank_popup_sights_POI_02</imagename>
        <audioname>LDN_SouthBank_POI_02</audioname>
        <id>2</id>
    </sight>
    <sight>
        <name>Royal Festival Hall</name>
        <latlng>51.505834, -0.1176457</latlng>
        <poidescription>Built in 1951 as part of the Festival of Britain and now a Grade 1 listed structure, the Royal Festival Hall is the largest concert hall on the South Bank. It is one of several venues that make up the Southbank Centre, London’s top arts complex, alongside the Purcell Room, Queen Elizabeth Hall, the Hayward Gallery and the Poetry Library.
            &lt;p&gt;&lt;/p&gt;
            The hall provides a vibrant programme of music, exhibitions and free performances. Some of the world’s greatest musicians have played here, including David Bowie, Frank Sinatra Miles Davis and Bob Dylan. The London Philharmonic Orchestra is resident at the Southbank Centre, and world famous conductors such as Daniel Barenboim and Simon Rattle have appeared here.
            &lt;p&gt;&lt;/p&gt;
            This part of the Southbank is a great place to meet friends for a drink or a bite to eat – cafés and restaurants line the walkway on the western side and the riverside promenade below, and an outdoor food market takes place every Friday, Saturday and Sunday. </poidescription>
        <imagename>LDN_01_south_bank_popup_sights_POI_03</imagename>
        <audioname>LDN_SouthBank_POI_03</audioname>
        <id>3</id>
    </sight>
    <sight>
        <name>Queen Elizabeth Hall</name>
        <latlng>51.5063539, -0.1170872</latlng>
        <poidescription>This showpiece site opened in 1967, offering a venue for classical, opera, jazz and dance music in the main auditorium as well as the Purcell Room and Front Room. The building closed in September 2015 for two years of essential maintenance and improvements.</poidescription>
        <imagename>LDN_01_south_bank_popup_sights_POI_04</imagename>
        <audioname>LDN_SouthBank_POI_04</audioname>
        <id>4</id>
    </sight>
    <sight>
        <name>Hayward Gallery</name>
        <latlng>51.5063782, -0.1156468</latlng>
        <poidescription>Set directly behind Queen Elizabeth Hall, the imposing Hayward Gallery is considered by many to be an iconic example of 1960s Brutalist architecture. This contemporary art space specialises in innovative shows and will open its doors again in 2017.</poidescription>
        <imagename>LDN_01_south_bank_popup_sights_POI_05</imagename>
        <audioname>LDN_SouthBank_POI_05</audioname>
        <id>5</id>
    </sight>
    <sight>
        <name>BFI Southbank</name>
        <latlng>51.5072457, -0.1157928</latlng>
        <poidescription>The UK’s leading repertory cinema, BFI Southbank specializes in independent film, movie classics and non-English language films.
            &lt;p&gt;&lt;/p&gt;
            Created as a result of the merger of the Museum of Moving Images and the National Film Theatre, it now houses three theatres, a studio, a gallery and a shop, as well as the “mediatheque”, a film library where users can log on at viewing stations and search the BFI’s film and television archive, the largest of its kind in the world.</poidescription>
        <imagename>LDN_01_south_bank_popup_sights_POI_06</imagename>
        <audioname>LDN_SouthBank_POI_06</audioname>
        <id>6</id>
    </sight>
    <sight>
        <name>National Theatre</name>
        <latlng>51.5074343, -0.1152375</latlng>
        <poidescription>The country’s largest theatre complex, the National Theatre was designed by Denys Lasdun in 1976. It is the home of the National Theatre Company, which was founded in 1963 under Sir Laurence Olivier, Britain’s most famous 20th century actor. The largest of the complex’s three huge performing spaces is named in his honour.
            &lt;p&gt;&lt;/p&gt;
            It is possible to take guided tours of the theatre to see the scenery workshops and the Olivier Theatre’s ingenious five-storey drum revolve, a mechanical contraption that allows the stage to be lowered through the floor, spun around and divided into two halves.</poidescription>
        <imagename>LDN_01_south_bank_popup_sights_POI_07</imagename>
        <audioname>LDN_SouthBank_POI_07</audioname>
        <id>7</id>
    </sight>
    <sight>
        <name>Oxo Tower Wharf</name>
        <latlng>51.5084106, -0.1090199</latlng>
        <poidescription>This industrial behemoth is another amazing example of a repurposed power station. In 2000 the old Bankside power station was converted into one the world’s great contemporary art galleries. A smash hit as soon as it opened, the Tate Modern now hosts up to five million visitors every year.
            &lt;p&gt;&lt;/p&gt;
            Inside, the vast Turbine Hall is a dynamic space capable of showcasing immense installations. The gallery has seven levels in all, with airy rooms and a mixture of temporary and permanent exhibitions. Use the floorplan and detailed information on pp180–83 of your guide to find your way around. A new extension, the Switch House, opened to the public in 2016. There is also a superb restaurant with fantastic views over the city of London, the Millennium Bridge and the dome of St. Paul’s Cathedral.</poidescription>
        <imagename>LDN_01_south_bank_popup_sights_POI_08</imagename>
        <audioname>LDN_SouthBank_POI_08</audioname>
        <id>8</id>
    </sight>
    <sight>
        <name>Tate Modern</name>
        <latlng>51.5083732, -0.1005922</latlng>
        <poidescription>This industrial behemoth is another amazing example of a repurposed power station. In 2000 the old Bankside power station was converted into one the world’s great contemporary art galleries. A smash hit as soon as it opened, the Tate Modern now hosts up to five million visitors every year.
            &lt;p&gt;&lt;/p&gt;
            Inside, the vast Turbine Hall is a dynamic space capable of showcasing immense installations. The gallery has seven levels in all, with airy rooms and a mixture of temporary and permanent exhibitions. Use the floorplan and detailed information on pp180–83 of your guide to find your way around. A new extension, the Switch House, opened to the public in 2016. There is also a superb restaurant with fantastic views over the city of London, the Millennium Bridge and the dome of St. Paul’s Cathedral.</poidescription>
        <imagename>LDN_01_south_bank_popup_sights_POI_09</imagename>
        <audioname>LDN_SouthBank_POI_09</audioname>
        <id>9</id>
    </sight>
    <sight>
        <name>Millennium Bridge</name>
        <latlng>51.5080176, -0.0991504</latlng>
        <poidescription>The slender Millennium Bridge vaults the Thames in the direction of St. Paul’s Cathedral. This 1,050-ft (320-m) bridge opened as part of the millennium celebrations in London, becoming the first new river crossing in central London since Tower Bridge opened in 1894.
            &lt;p&gt;&lt;/p&gt;
            On the day it opened thousands of people walked across the bridge; as they did it began to sway and wobble so much that people were almost falling over as they walked. The bridge was closed for 18 months whilst reinforcements were made and happily it is now perfectly safe.</poidescription>
        <imagename>LDN_01_south_bank_popup_sights_POI_10</imagename>
        <audioname>LDN_SouthBank_POI_10</audioname>
        <id>10</id>
    </sight>
    <sight>
        <name>Shakespeare’s Globe </name>
        <latlng>51.5083705, -0.0973586</latlng>
        <poidescription>Step through the Groundling Gates and you may feel as though you’ve been transported to the 16th century. The half-timbered circular building is a near replica of the original Globe that stood at a site nearby, the venue where William Shakespeare’s plays were first performed.
            &lt;p&gt;&lt;/p&gt;
            The modern Globe opened in 1997, thanks to the the vision and determination of American actor Sam Wanamaker, who spent decades researching, fundraising and planning the re-creation of the famous playhouse. Sadly he died in 1993 without seeing this authentic replica stand proud all its glory beside the Thames.</poidescription>
        <imagename>LDN_01_south_bank_popup_sights_POI_11</imagename>
        <audioname>LDN_SouthBank_POI_11</audioname>
        <id>11</id>
    </sight>
    <sight>
        <name>Clink Prison Museum</name>
        <latlng>51.5070974, -0.0919965</latlng>
        <poidescription>Medieval Southwark was a lawless place, notorious for drinking dens and brothels, all licensed by the Bishops of Winchester. In 1144, deciding that the area needed a jail to incarcerate the undesirables, the bishops opened the Clink Prison, a place so infamous its name eventually became shorthand for prisons across the land. The word “clink” may derive from the sound of the prisoners’ chains or from the Flemish word “klink”, meaning “latch”.
            &lt;p&gt;&lt;/p&gt;
            The dark and murky medieval cells underground were where drunks, prostitutes, heretics and debtors were clamped in irons and removed from every day life. Hideous torture equipment, such as the foot crusher, whipping post and torture chair, helps you imagine the gruesome punishments of the medieval era.</poidescription>
        <imagename>LDN_01_south_bank_popup_sights_POI_12</imagename>
        <audioname>LDN_SouthBank_POI_12</audioname>
        <id>12</id>
    </sight>
    <sight>
        <name>Southwark Cathedral</name>
        <latlng>51.5063051, -0.0902609</latlng>
        <poidescription>The oldest Gothic church building in London, Southwark Cathedral lies across the Thames from the City of London at the oldest crossing point on the river. It is thought that the site has been a place of Christian worship since at least AD 606 and it is likely that pagan worship took place here before that.
            &lt;p&gt;&lt;/p&gt;
            Although the church dates back to the 12th century, it didn’t become Southwark Cathedral until 1905. In 2000 a multimillion pound programme added new buildings, which house a shop and a refectory, and a glass-covered passageway that leads to the archaeology chamber. Don’t miss the alabaster memorial in the South Aisle to William Shakespeare, who spent 14 years acting and writing plays at the nearby Globe.</poidescription>
        <imagename>LDN_01_south_bank_popup_sights_POI_13</imagename>
        <audioname>LDN_SouthBank_POI_13</audioname>
        <id>13</id>
    </sight>
    <sight>
        <name>Borough Market</name>
        <latlng>51.505573, -0.0902355</latlng>
        <poidescription>With its huge array of foods and ingredients from across the globe, from ostrich burgers to Burmese curry powder, Borough Market is an excellent place to grab a bite. There are stalls here from Wednesday to Saturday, and it can get particularly busy on Saturday morning.
            &lt;p&gt;&lt;/p&gt;
            Traders were selling grain, vegetables, livestock and fish around nearby London Bridge as early as the 11th century. They were relocated to this site in the 13th century, making it London’s oldest fruit and vegetable market. These days it’s all about exceptional foods from Britain and around the world, so take your time to wander round the market and take in all the sights and smells before choosing your meal.</poidescription>
        <imagename>LDN_01_south_bank_popup_sights_POI_14</imagename>
        <audioname>LDN_SouthBank_POI_14</audioname>
        <id>14</id>
    </sight>
    <sight>
        <name>Old Operating Theatre</name>
        <latlng>51.5049389, -0.0885971</latlng>
        <poidescription>Up a narrow, spiralling flight of stairs through an inconspicuous door on St. Thomas Street lies this incredible museum. Set in the attic of St. Thomas’s Church, this is one of Europe’s oldest surviving operating theatres, dating back to 1822.
            &lt;p&gt;&lt;/p&gt;
            The Old Operating Theatre was part of St. Thomas’s Hospital, one of Britain’s oldest hospitals, which stood here from its foundation in the 12th century until it moved west in 1862. In the 18th and early 19th centuries, operations were carried out on the wards, causing distress to other patients. To avoid that, a theatre was created in the church tower, close to the wards of the hospital below.
            &lt;p&gt;&lt;/p&gt;
            The rediscovered space has been fitted out just as it would have been in the early 19th century, before the discovery of either anaesthetics or antiseptics, with an operating table centre stage and an array of historical surgical instruments.</poidescription>
        <imagename>LDN_01_south_bank_popup_sights_POI_15</imagename>
        <audioname>LDN_SouthBank_POI_15</audioname>
        <id>15</id>
    </sight>
    <sight>
        <name>The Shard</name>
        <latlng>51.5043716, -0.0871534</latlng>
        <poidescription>The tallest building in Western Europe, the 1,017-ft (310-m) Shard dominates the London skyline. Opened on 5 July 2012, the skyscraper was designed by Italian architect Renzo Piano and consists of eight interlocking façades that slope up to a narrow point like a futuristic shard of glass. 
            &lt;p&gt;&lt;/p&gt;
            The structure’s 95 storeys include offices, restaurants, a five-star hotel and apartments. It also boasts the country’s highest viewing platform at 802 ft (244 m), but with lifts travelling at a speed of 20 ft (6 m) per second, the trip to the top is quick.</poidescription>
        <imagename>LDN_01_south_bank_popup_sights_POI_16</imagename>
        <audioname>LDN_SouthBank_POI_16</audioname>
        <id>16</id>
    </sight>
</pois>
</walkdata>