<db version="1.0">
    <channel>
        <title></title>
        <link></link>
        <description></description>
        <language>en-us</language>
        <copyright>Copyright 2016, Apple Inc.</copyright>
        <pubDate>Tue, 26 Apr 2016 15:53:26 PDT</pubDate>
        <lastBuildDate>Tue, 26 Apr 2016 15:53:26 PDT</lastBuildDate>
        <category></category>
        <generator>In house</generator>
        <docs></docs>
        <information>
            <title>Starting Point:</title>
            <description>
                London Eye
            </description>
            <image1></image1>
            <image2></image2>
            <image3></image3>
            
        </information>
        <information>
            <title>
                Length:
            </title>
            <description>
               2.4 miles (4.1 km) 
            </description>
            <image1></image1>
            <image2></image2>
            <image3></image3>
            
        </information>
        <information>
            <title>Duration of walk:</title>
            <description>
                2 hours
            </description>
            <image1></image1>
            <image2></image2>
            <image3></image3>
        </information>
        <information>
            <title>
                Closest Station:
            </title>
            <description>
                Waterloo
            </description>
            <image1></image1>
            <image2></image2>
            <image3></image3>
            
        </information>
        <information>
            <title>File size:</title>
            <description>
                60 Mb
            </description>
            <image1></image1>
            <image2></image2>
            <image3></image3>
        </information>
        <information>
            <title>File size:</title>
            <description>
                18 Mb
            </description>
            <image1></image1>
            <image2></image2>
            <image3>south_bank_popup_sights_POI</image3>
        </information>
        <information>
            <title>File size:</title>
            <link>
            </link>
            <description>
                18 Mb
            </description>
            <image1></image1>
            <image2></image2>
            <image3></image3>
            
        </information>
        <sights>
            <title>South Bank at a Glance</title>
            <description>
            </description>
            <eyeicon>glance_icon</eyeicon>
            <image></image>
            <icon></icon>
            <linkHTML>Southwalk-glance</linkHTML>
            <sound>LDN_SouthBank_POI__Intro</sound>
            
        </sights>
        <sights>
            <title>
                London Eye
            </title>
            <subtitle></subtitle>
            <link></link>
            <description>
                Start
            </description>
            <icon>LDN_POI_01</icon>
            <eyeicon></eyeicon>
            <image></image>
            <linkHTML>LDN_SouthBank_POI_01_LondonEye</linkHTML>
            <sound>LDN_SouthBank_POI_01</sound>
            <titleImage>LDN_SouthBank_POI_01_popup_sights</titleImage>
            
        </sights>
        <sights>
            <title>Hungerford Bridge</title>
            <subtitle></subtitle>
            <description>
            </description>
            <eyeicon></eyeicon>
            <icon></icon>
            <image>LDN_POI_03</image>
            <linkHTML>LDN_SouthBank_POI_02_HungerfordBridge</linkHTML>
            <sound>LDN_SouthBank_POI_02</sound>
            <titleImage>LDN_SouthBank_POI_02_popup_sights</titleImage>
            
            
        </sights>
        <sights>
            <title>
                Royal Festival Hall
            </title>
            <subtitle></subtitle>
            <link></link>
            <description>
                <eyeicon></eyeicon>
            </description>
            <icon></icon>
            <image>LDN_POI_04</image>
            <linkHTML>LDN_SouthBank_POI_03_RoyalFestivalHall</linkHTML>
            <sound>LDN_SouthBank_POI_03</sound>
            <titleImage>LDN_SouthBank_POI_03_popup_sights</titleImage>
            
        </sights>
        <sights>
            <title>Queen Elizabeth Hall</title>
            <subtitle></subtitle>
            <description>
            </description>
            <eyeicon></eyeicon>
            <icon></icon>
            <image>LDN_POI_05</image>
            <linkHTML>LDN_SouthBank_POI_04_QueenElizabethHall</linkHTML>
            <sound>LDN_SouthBank_POI_04</sound>
            <titleImage>LDN_SouthBank_POI_04_popup_sights</titleImage>
            
        </sights>
        <sights>
            <title>Hayward Gallery</title>
            <subtitle></subtitle>
            <description>
            </description>
            <eyeicon></eyeicon>
            <image>LDN_POI_06</image>
            <icon></icon>
            <linkHTML>LDN_SouthBank_POI_05_HaywardGallery</linkHTML>
            <sound>LDN_SouthBank_POI_05</sound>
            <titleImage>LDN_SouthBank_POI_05_popup_sights</titleImage>
            
        </sights>
        <sights>
            <title>BFI Southbank</title>
            <subtitle></subtitle>
            <description>
            </description>
            <eyeicon></eyeicon>
            <image>LDN_POI_07</image>
            <icon></icon>
            <linkHTML>LDN_SouthBank_POI_06_BFISouthbank</linkHTML>
            <sound>LDN_SouthBank_POI_06</sound>
            <titleImage>LDN_SouthBank_POI_06_popup_sights</titleImage>
            
        </sights>
        <sights>
            <title>National Theatre</title>
            <subtitle></subtitle>
            <description>
            </description>
            <eyeicon></eyeicon>
            <image>LDN_POI_08</image>
            <icon></icon>
            <linkHTML>LDN_SouthBank_POI_07_NationalTheatre</linkHTML>
            <sound>LDN_SouthBank_POI_07</sound>
            <titleImage>LDN_SouthBank_POI_07_popup_sights</titleImage>
            
        </sights>
        <sights>
            <title>Oxo Tower Wharf</title>
            <subtitle></subtitle>
            <description>
            </description>
            <eyeicon></eyeicon>
            <image>LDN_POI_09</image>
            <icon></icon>
            <linkHTML>LDN_SouthBank_POI_08_OXOTowerWharf</linkHTML>
            <sound>LDN_SouthBank_POI_08</sound>
            <titleImage>LDN_SouthBank_POI_08_popup_sights</titleImage>
            
        </sights>
        <sights>
            <title>Tate Modern</title>
            <subtitle></subtitle>
            <description>
            </description>
            <eyeicon></eyeicon>
            <image>LDN_POI_10</image>
            <icon></icon>
            <linkHTML>LDN_SouthBank_POI_09_TateModern</linkHTML>
            <sound>LDN_SouthBank_POI_09</sound>
            <titleImage>LDN_SouthBank_POI_09_popup_sights</titleImage>
            
        </sights>
        <sights>
            <title>Millennium Bridge</title>
            <subtitle></subtitle>
            <description>
            </description>
            <eyeicon></eyeicon>
            <image>LDN_POI_11</image>
            <icon></icon>
            <linkHTML>LDN_SouthBank_POI_10_MillenniumBridge</linkHTML>
            <sound>LDN_SouthBank_POI_10</sound>
            <titleImage>LDN_SouthBank_POI_10_popup_sights</titleImage>
            
        </sights>
        <sights>
            <title>Shakespeare’s Globe</title>
            <subtitle></subtitle>
            <description>
            </description>
            <eyeicon></eyeicon>
            <image>LDN_POI_12</image>
            <icon></icon>
            <linkHTML>LDN_SouthBank_POI_11_ShakespeareGlobe</linkHTML>
            <sound>LDN_SouthBank_POI_11</sound>
            <titleImage>LDN_SouthBank_POI_11_popup_sights</titleImage>
            
        </sights>
        <sights>
            <title>Clink Prison Museum</title>
            <subtitle></subtitle>
            <description>
            </description>
            <eyeicon></eyeicon>
            <image>LDN_POI_13</image>
            <icon></icon>
            <linkHTML>LDN_SouthBank_POI_12_ClinkPrisonMuseum</linkHTML>
            <sound>LDN_SouthBank_POI_12</sound>
            <titleImage>LDN_SouthBank_POI_12_popup_sights</titleImage>
            
        </sights>
        <sights>
            <title>Southwark Cathedral</title>
            <subtitle></subtitle>
            <description>
            </description>
            <eyeicon></eyeicon>
            <image>LDN_POI_14</image>
            <icon></icon>
            <linkHTML>LDN_SouthBank_POI_13_SouthwarkCathedral</linkHTML>
            <sound>LDN_SouthBank_POI_13</sound>
            <titleImage>LDN_SouthBank_POI_13_popup_sights</titleImage>
            
        </sights>
        <sights>
            <title>Borough Market</title>
            <subtitle></subtitle>
            <description>
            </description>
            <eyeicon></eyeicon>
            <image>LDN_POI_15</image>
            <icon></icon>
            <linkHTML>LDN_SouthBank_POI_14_BoroughMarket</linkHTML>
            <sound>LDN_SouthBank_POI_14</sound>
            <titleImage>LDN_SouthBank_POI_14_popup_sights</titleImage>
            
        </sights>
        <sights>
            <title>Old Operating Theatre</title>
            <subtitle></subtitle>
            <description>
            </description>
            <eyeicon></eyeicon>
            <image>LDN_POI_16</image>
            <icon></icon>
            <linkHTML>LDN_SouthBank_POI_15_OldOperatingTheatre</linkHTML>
            <sound>LDN_SouthBank_POI_15</sound>
            <titleImage>LDN_SouthBank_POI_15_popup_sights</titleImage>
            
        </sights>
        <sights>
            <title>The Shard</title>
            <subtitle></subtitle>
            <description>Finish
            </description>
            <image></image>
            <eyeicon></eyeicon>
            <icon>finish_badge</icon>
            <linkHTML>LDN_SouthBank_POI_16_TheShard</linkHTML>
            <sound>LDN_SouthBank_POI_16</sound>
            <titleImage>LDN_SouthBank_POI_16_popup_sights</titleImage>
            
        </sights>
    </channel>
</db>
