<db version="1.0">
    <channel>
        <title></title>
        <link></link>
        <description></description>
        <language>en-us</language>
        <copyright>Copyright 2016, Apple Inc.</copyright>
        <pubDate>Tue, 26 Apr 2016 15:53:26 PDT</pubDate>
        <lastBuildDate>Tue, 26 Apr 2016 15:53:26 PDT</lastBuildDate>
        <category></category>
        <generator>In house</generator>
        <docs></docs>
        <information>
            <title>Starting Point:</title>
            <description>                
                The Bowery
            </description>
            <image1></image1>
            <image2></image2>
            <image3></image3>
            
        </information>
        <information>
            <title>
                Length:
            </title>
            <description>
                3.6 miles (5.8 km)
            </description>
            <image1></image1>
            <image2></image2>
            <image3></image3>
            
        </information>
        <information>
            <title>Duration of walk:</title>
            <description>
                2 hours
            </description>
            <image1></image1>
            <image2></image2>
            <image3></image3>
        </information>
        <information>
            <title>
                Closest Station:
            </title>
            <description>
              Bowery Subway
            </description>
            <image1></image1>
            <image2></image2>
            <image3></image3>
            
        </information>
        <information>
            <title>File size:</title>
            <description>
                50 Mb
            </description>
            <image1></image1>
            <image2></image2>
            <image3></image3>
        </information>
        <information>
            <title>File size:</title>
            <description>
                18 Mb
            </description>
            <image1></image1>
            <image2></image2>
            <image3>NYC_01_Lower_East_Side_walk_detail_info</image3>
        </information>
        <information>
            <title>File size:</title>
            <link>
            </link>
            <description>
                18 Mb
            </description>
            <image1></image1>
            <image2></image2>
            <image3></image3>
            
        </information>
        <sights>
            <title>Lower East Side At a Glance</title>
            <description>
            </description>
            <eyeicon>glance_icon</eyeicon>
            <image></image>
            <icon></icon>
            <linkHTML>LowerEastSide-glance</linkHTML>
            <sound>NYC_LowerEastSide_POI_00</sound>
            
        </sights>
        <sights>
            <title>
                The Bowery
            </title>
            <subtitle></subtitle>
            <link></link>
            <description>
                Start
            </description>
            <icon>LDN_POI_01</icon>
            <eyeicon></eyeicon>
            <image></image>
            <linkHTML>NYC_LowerEastSide_POI_01_TheBowery</linkHTML>
            <sound>NYC_LowerEastSide_POI_01</sound>
            <titleImage>NYC_LowerEastSide_POI_01_popup_sights</titleImage>
            
        </sights>
        <sights>
            <title>New Museum</title>
            <subtitle></subtitle>
            <description>
            </description>
            <eyeicon></eyeicon>
            <icon></icon>
            <image>LDN_POI_03</image>
            <linkHTML>NYC_LowerEastSide_POI_02_NewMuseum</linkHTML>
            <sound>NYC_LowerEastSide_POI_02</sound>
            <titleImage>NYC_LowerEastSide_POI_02_popup_sights</titleImage>
            
            
        </sights>
        <sights>
            <title>
                International Center of Photography
            </title>
            <subtitle></subtitle>
            <link></link>
            <description>
                <eyeicon></eyeicon>
            </description>
            <icon></icon>
            <image>LDN_POI_04</image>
            <linkHTML>NYC_LowerEastSide_POI_03_InternationalCenterofPhotography</linkHTML>
            <sound>NYC_LowerEastSide_POI_03</sound>
            <titleImage>NYC_LowerEastSide_POI_03_popup_sights</titleImage>
            
        </sights>
        <sights>
            <title>Liz Christy Community Garden</title>
            <subtitle></subtitle>
            <description>
            </description>
            <eyeicon></eyeicon>
            <icon></icon>
            <image>LDN_POI_05</image>
            <linkHTML>NYC_LowerEastSide_POI_04_LizChristyCommunityGarden</linkHTML>
            <sound>NYC_LowerEastSide_POI_04</sound>
            <titleImage>NYC_LowerEastSide_POI_04_popup_sights</titleImage>
            
        </sights>
        <sights>
            <title>Houston Street Eateries</title>
            <subtitle></subtitle>
            <description>
            </description>
            <eyeicon></eyeicon>
            <image>LDN_POI_06</image>
            <icon></icon>
            <linkHTML>NYC_LowerEastSide_POI_05_HoustonStreetEateries</linkHTML>
            <sound>NYC_LowerEastSide_POI_05</sound>
            <titleImage>NYC_LowerEastSide_POI_05_popup_sights</titleImage>
            
        </sights>
        <sights>
            <title>Angel Orensanz Center</title>
            <subtitle></subtitle>
            <description>
            </description>
            <eyeicon></eyeicon>
            <image>LDN_POI_07</image>
            <icon></icon>
            <linkHTML>NYC_LowerEastSide_POI_06_AngelOrensanzCenter</linkHTML>
            <sound>NYC_LowerEastSide_POI_06</sound>
            <titleImage>NYC_LowerEastSide_POI_06_popup_sights</titleImage>
            
        </sights>
        <sights>
            <title>Rivington Street</title>
            <subtitle></subtitle>
            <description>
            </description>
            <eyeicon></eyeicon>
            <image>LDN_POI_08</image>
            <icon></icon>
            <linkHTML>NYC_LowerEastSide_POI_07_RivingtonStreet</linkHTML>
            <sound>NYC_LowerEastSide_POI_07</sound>
            <titleImage>NYC_LowerEastSide_POI_07_popup_sights</titleImage>
            
        </sights>
        <sights>
            <title>Orchard Street and Tenement Museum</title>
            <subtitle></subtitle>
            <description>
            </description>
            <eyeicon></eyeicon>
            <image>LDN_POI_09</image>
            <icon></icon>
            <linkHTML>NYC_LowerEastSide_POI_08_OrchardStreetandTenement</linkHTML>
            <sound>NYC_LowerEastSide_POI_08</sound>
            <titleImage>NYC_LowerEastSide_POI_08_popup_sights</titleImage>
            
        </sights>
        <sights>
            <title>Museum at Eldridge Street</title>
            <subtitle></subtitle>
            <description>
            </description>
            <eyeicon></eyeicon>
            <image>LDN_POI_10</image>
            <icon></icon>
            <linkHTML>NYC_LowerEastSide_POI_09_MuseumatEldridgeStreet</linkHTML>
            <sound>NYC_LowerEastSide_POI_09</sound>
            <titleImage>NYC_LowerEastSide_POI_09_popup_sights</titleImage>
            
        </sights>
        <sights>
            <title>Chinatown</title>
            <subtitle></subtitle>
            <description>
            </description>
            <eyeicon></eyeicon>
            <image>LDN_POI_11</image>
            <icon></icon>
            <linkHTML>NYC_LowerEastSide_POI_10_Chinatown</linkHTML>
            <sound>NYC_LowerEastSide_POI_10</sound>
            <titleImage>NYC_LowerEastSide_POI_10_popup_sights</titleImage>
            
        </sights>
        <sights>
            <title>Columbus Park</title>
            <subtitle></subtitle>
            <description>
            </description>
            <eyeicon></eyeicon>
            <image>LDN_POI_12</image>
            <icon></icon>
            <linkHTML>NYC_LowerEastSide_POI_11_ColumbusPark</linkHTML>
            <sound>NYC_LowerEastSide_POI_11</sound>
            <titleImage>NYC_LowerEastSide_POI_11_popup_sights</titleImage>
            
        </sights>
        <sights>
            <title>Little Italy</title>
            <subtitle></subtitle>
            <description>
            </description>
            <eyeicon></eyeicon>
            <image>LDN_POI_13</image>
            <icon></icon>
            <linkHTML>NYC_LowerEastSide_POI_12_LittleItaly</linkHTML>
            <sound>NYC_LowerEastSide_POI_12</sound>
            <titleImage>NYC_LowerEastSide_POI_12_popup_sights</titleImage>
            
        </sights>
        <sights>
            <title>St. Patrick's Old Cathedral</title>
            <subtitle></subtitle>
            <description>
            </description>
            <eyeicon></eyeicon>
            <image>LDN_POI_14</image>
            <icon></icon>
            <linkHTML>NYC_LowerEastSide_POI_13_StPatrickOldCathedral</linkHTML>
            <sound>NYC_LowerEastSide_POI_13</sound>
            <titleImage>NYC_LowerEastSide_POI_13_popup_sights</titleImage>
            
        </sights>
        <sights>
            <title>Nolita</title>
            <subtitle></subtitle>
            <description>Finish
            </description>
            <eyeicon></eyeicon>
            <image></image>
            <icon>finish_badge</icon>
            <linkHTML>NYC_LowerEastSide_POI_14_Nolita</linkHTML>
            <sound>NYC_LowerEastSide_POI_14</sound>
            <titleImage>NYC_LowerEastSide_POI_14_popup_sights</titleImage>
            
        </sights>
            </channel>
</db>
